Port #,Pressure (Pa)
1,-1288.6384260698348
2,-1479.7693444858132
3,-1351.5193605403317
4,-1177.4581589528727
5,-919.9248998607394
6,-999.1857868642518
7,-721.054157201654
8,-610.5750724590324
9,-446.18287071195243
10,-275.11474477468414
11,-115.35348203708776
12,21.4694277597983
13,69.0469187139774
14,128.4694067549998
15,173.26771018356638
16,196.67912579686632
17,233.96238064827958
18,329.48201048189605
19,439.2845054279106
