Port #,Pressure (Pa)
1,532.903568154
2,117.8630552384612
3,-100.97774403694675
4,-204.84564479774923
5,-205.54087732002668
6,-342.4246141978638
7,-317.54474731084423
8,-308.0369560537704
9,-262.5054993486817
10,-203.8999688691269
11,-127.53571694358409
12,43.2740797047637
13,28.457198625928275
14,-14.006149677148501
15,-44.87517107023517
16,-100.98786054508425
17,-156.98952802032136
18,-251.41092834762483
19,-362.75637949542346
