Port #,Pressure (Pa)
1,-2520.8730110275496
2,-1848.9956974376444
3,-1593.2856892095028
4,-1249.329267483125
5,-887.6207419970507
6,-864.4739773531508
7,-502.5960347751344
8,-320.4546491024909
9,-257.08634245538633
10,-268.7958233384444
11,-250.6447260522625
12,-210.98485432604087
13,-25.640828382270012
14,132.05916115069746
15,212.835790678846
16,254.17835068101212
17,313.86011823791625
18,430.25714819144093
19,530.343710560652
