Port #,Pressure (Pa)
1,-2446.4039582721393
2,-1907.982042667654
3,-1746.322555415252
4,-1395.504302720922
5,-1044.819119301364
6,-1076.0393509118705
7,-771.7460524201016
8,-598.4470529776802
9,-356.8626820185899
10,-171.87914276911394
11,-119.65534203822867
12,-94.85539535252532
13,30.603487877268964
14,143.54189546519854
15,210.90970039569837
16,248.2304761714214
17,301.73749718805897
18,415.67799186788864
19,520.0496436143537
