Port #,Pressure (Pa)
1,-1982.958656244016
2,-1731.4253510619967
3,-1580.0408128486974
4,-1371.230199173645
5,-1008.6543891442005
6,-1041.8747603794563
7,-775.4321019024161
8,-629.0496514512912
9,-430.5679993533253
10,-238.71863139534807
11,-93.52886861267241
12,-28.78350575105996
13,53.85043614730499
14,141.7029314146904
15,195.975884223282
16,226.98026365617875
17,274.59247317688005
18,381.6111260308717
19,491.33271100662034
