Port #,Pressure (Pa)
1,-2540.391458682007
2,-1902.6057312243724
3,-1695.9955587361692
4,-1360.1013227036724
5,-1011.1272926621334
6,-1009.3708062319183
7,-682.321893729336
8,-459.97072561318544
9,-222.61172503367087
10,-185.49062789685217
11,-181.01184394378285
12,-150.93594280927678
13,-11.182066827284611
14,114.29666372563842
15,211.4613507099196
16,251.56469579842772
17,308.2772758646278
18,424.29848272856736
19,526.2332632998496
