Port #,Pressure (Pa)
1,-873.2776503625139
2,-1306.1231452825866
3,-1232.29287018746
4,-1076.5652085125184
5,-847.1152393680234
6,-921.1814043900358
7,-763.1696370538175
8,-578.2709612021167
9,-437.37245530661795
10,-274.3526416006457
11,-119.01540055815595
12,31.67029424549982
13,68.2801998871589
14,116.83247369922837
15,154.35696879542982
16,174.8304045422112
17,206.718061126316
18,293.76134686737555
19,399.00087994830045
