Port #,Pressure (Pa)
1,-2416.720063175141
2,-1665.7162902296625
3,-1341.084839573365
4,-989.8248243535834
5,-589.9233604032139
6,-468.7534448441934
7,-295.7933884793717
8,-282.6070095814886
9,-286.29031195969867
10,-295.29142739800704
11,-300.95955053023914
12,-248.79333587350462
13,-59.664901488154825
14,114.23592777275815
15,205.31466480203454
16,252.74713808903385
17,315.00641392903697
18,434.34413584802644
19,533.9390040050886
