Port #,Pressure (Pa)
1,-1658.59326684813
2,-1627.783510078114
3,-1459.8088797860607
4,-1272.7686515809555
5,-1001.098770711383
6,-1034.0880337912058
7,-751.4383698822031
8,-627.3914993537608
9,-447.1521671553253
10,-265.480664156723
11,-104.26280177087656
12,4.086570075004389
13,65.0384587282586
14,134.6946893305327
15,185.68973430870875
16,211.79681098762777
17,254.59371615380095
18,357.0653115714198
19,466.53151966621766
